<?xml version="1.0" encoding="utf-8"?>
<Signature xmlns="http://www.w3.org/2000/09/xmldsig#">
  <SignedInfo>
    <CanonicalizationMethod Algorithm="http://www.w3.org/2001/10/xml-exc-c14n#"/>
    <SignatureMethod Algorithm="http://www.w3.org/2001/04/xmldsig-more#rsa-sha256"/>
    <Reference URI="#WindowsManifest">
      <DigestMethod Algorithm="http://www.w3.org/2001/04/xmlenc#sha256"/>
      <DigestValue>svdhUgGAaj2WylGRUDocIh3L9IBWNqI3kvpHPZDUgVQ=</DigestValue>
    </Reference>
  </SignedInfo>
  <SignatureValue>bMszLR7hYmew7VkRwM+TiwSysBfCi6O9UDSMOuQx1dl/UEELv9YoHotsZZtpZdj5
4GX6xkY57M1SMLb7C4ACsuuTRz6Dvy+hG1lPtfBMN55DeyRxpAF7iI6XUHpishHo
1BIDyRp9PI/aoG/ysaBIbeD9t0pfJswCRrTSsNOLABWXCbawEmqe/D87fXMGOeBq
UrvTYNgD86ZzPiqZVJsZmopmCOE6ZLe7MD6GW9tEeBGSLL1BQirWwwAihQOTG7QU
FfjFsQWBRQO1RWVEYEMIgtmsZCVhqhhFDKwCr9D/nAiFXCorBglsvctT7Yq+cyea
7BRDMBk46fhBxBDdaF/iZA==</SignatureValue>
  <KeyInfo/>
  <Object Id="WindowsManifest">
    <settings>
      <platform name="any">
        <setting name="sos.minversion">4.0.0.0</setting>
        <setting name="osritool.minversion">2.2.0.0</setting>
        <setting name="sos.launcher">[sos]EFI/boot/bootx64.efi</setting>
        <setting name="biosconnect.minversion">1.7.0</setting>
        <setting name="biosconnect.maxversion">99.99.99</setting>
        <setting name="biosconnect.certstore">[config]config/certstore/cacerts.pem</setting>
        <setting name="disable_selfupdate_bios_connect">false</setting>
        <setting name="disable.seflupdate.local">false</setting>
        <setting name="disable.selfupdate.external">false</setting>
        <setting name="disable.selfupdate.usb.drivers">false</setting>
        <setting name="osri.os.win10.codename">20H1</setting>
        <setting name="osri.os.win10.version">10.0.19041.264</setting>
        <!-- quoted sos.version this is a place holder -->        
        <setting name="sos.version">5.4.1.14954</setting>
		<setting name="feature.usmt.disabled">false</setting>
        <setting name="feature.usmt.wim.minversion">10.0.16299</setting>
        <setting name="feature.plugin.presetup.disable">false</setting>
        <setting name="feature.plugin.basesosupdate.disable">false</setting>
		<setting name="feature.securereset.enabled">true</setting>
		<setting name="feature.sosinstallerservice.enable">true</setting>
		<setting name="feature.privacy.disabled">false</setting>
		<setting name="oobe.HideEULAPage">true</setting>
        <setting name="oobe.HideLocalAccountScreen">true</setting>
        <setting name="oobe.HideOEMRegistrationScreen">true</setting>
        <setting name="oobe.HideOnlineAccountScreens">true</setting>
        <setting name="oobe.HideWirelessSetupInOOBE">true</setting>
        <setting name="oobe.ProtectYourPC">3</setting>
		<setting name="secure.erase.raid.filter">false</setting>
      </platform>
      <platform name="0944">
        <setting name="feature.osri.bootmodectl.disabled">true</setting>
      </platform>
      <platform name="0A33">
        <setting name="feature.hardwarediags.fan.disabled">true</setting>
      </platform>
	  <platform name="087C">
        <setting name="sos.drivers.excluded">SA</setting>
      </platform>
	  <platform name="089F">
        <setting name="sos.drivers.excluded">SA</setting>
      </platform>
	  <platformgroup>
		<platform name="0907"/>
		<platform name="0908"/>
		<platform name="0922"/>
		<platform name="08EC"/>
		<platform name="08ED"/>
		<platform name="0924"/>
		<platform name="075C"/>
		<platform name="072A"/>
		<platform name="07DC"/>
		<platform name="0859"/>
		<platform name="06E4"/>
		<platform name="075B"/>
		<platform name="077A"/>
		<platform name="07BE"/>
		<platform name="080D"/>
		<platform name="07E6"/>
		<platform name="082A"/>
		<platform name="087C"/>
		<platform name="08AF"/>
		<platform name="08B0"/>
		<platform name="0905"/>
		<platform name="096D"/>
		<platform name="097D"/>
		<platform name="09A4"/>
		<platform name="09A5"/>
		<platform name="09A6"/>
		<platform name="09A7"/>
		<platform name="09AA"/>
		<platform name="09AB"/>
		<platform name="0A4C"/>
		<platform name="0A4D"/>
		<platform name="0A52"/>
		<platform name="0A53"/>
		<platform name="0A54"/>
		<platform name="0A55"/>
		<platform name="0A56"/>
		<platform name="0A57"/>
		<platform name="09AC"/>
		<platform name="09AD"/>
		<platform name="094C"/>
		<platform name="0A61"/>
		<platform name="0A62"/>
		<setting name="sos.drivers.forceloading">true</setting>
     </platformgroup>	  
	</settings>
  </Object>
</Signature>
