<?xml version="1.0" encoding="utf-8"?>
<Signature xmlns="http://www.w3.org/2000/09/xmldsig#">
  <SignedInfo>
    <CanonicalizationMethod Algorithm="http://www.w3.org/2001/10/xml-exc-c14n#"/>
    <SignatureMethod Algorithm="http://www.w3.org/2001/04/xmldsig-more#rsa-sha256"/>
    <Reference URI="#sosconfig">
      <DigestMethod Algorithm="http://www.w3.org/2001/04/xmlenc#sha256"/>
      <DigestValue>7AM6YeutztZRXLnIBir5vjqOpsWM6gAAx3hMmAVrWGg=</DigestValue>
    </Reference>
  </SignedInfo>
  <SignatureValue>PI1UC78oOKXeCsCunk3oFxppZu80X9Pmbz7CiBO11i2n53NsmasA6V9qR2Hkyso7
fYi0Qyg0Qq2H0H7MPGFeYr+MaTCS8Qnd76yGT/1xTavbTqBYgkZ189DHF+7q5yan
A1lX5JbvUWgOil/L90LZtfCZAKaHXZai89DbTSltf2E0g6S5Pii62RXcRzmi3Hfj
IeXggNXfikCuv/s1MY/7RvwskRmzsln+b22eu8omMiPCuYb56kYkWBLMj6rZIksO
ytXnrFzQ3uzMz3KEGz+UOuylZqI4KNuUfv6iLHSFujR/N+6vDT9Yw68TGcCOkMFF
97EsoTowVaD1difqSONDrA==</SignatureValue>
  <KeyInfo/>
  <Object Id="sosconfig">
    <sosconfig>
      <version>
        <build>5.4.1.14954</build>
        <datetime>20210401_0049</datetime>
        <description>SupportAssist OS Recovery Configuration</description>
      </version>
      <supportapp>
        <filenode>
          <target_path>/sys_settings_sos.xml</target_path>
          <url>/sys_settings_sos.xml</url>
          <contentlength>4203</contentlength>
          <signature>b8c3a53bc78b98be9b7a1834a4130a72dd6735f268aeecdd1e5baaef6e62d736</signature>
        </filenode>
        <filenode>
          <target_path>/config/certstore/cacerts.pem</target_path>
          <url>/config/certstore/cacerts.pem</url>
          <contentlength>212549</contentlength>
          <signature>921b28ebf4a2e5efd9aab1fbe9107e557db7396ab2ed27409eb4ff28553b099d</signature>
        </filenode>
      </supportapp>
    </sosconfig>
  </Object>
</Signature>
